{
    "device": {
        "fw version": "05.13.00.50",
        "name": "Intel RealSense D435I",
        "product line": "D400"
    },
        "parameters": {
        "param-disableraucolor": 0,
        "param-disablesadcolor": 0,
        "param-disablesadnormalize": 0,
        "param-disablesloleftcolor": 0,
        "param-disableslorightcolor": 0,
        "param-lambdaad": 618,
        "param-lambdacensus": 15,
        "param-leftrightthreshold": 18,
        "param-maxscorethreshb": 1443,
        "param-medianthreshold": 789,
        "param-minscorethresha": 96,
        "param-neighborthresh": 12,
        "param-raumine": 2,
        "param-rauminn": 1,
        "param-rauminnssum": 6,
        "param-raumins": 3,
        "param-rauminw": 3,
        "param-rauminwesum": 7,
        "param-regioncolorthresholdb": 0.11028557924300367,
        "param-regioncolorthresholdg": 0.5729592245318832,
        "param-regioncolorthresholdr": 0.017746482533836073,
        "param-regionshrinku": 4,
        "param-regionshrinkv": 0,
        "param-regionspatialthresholdu": 7,
        "param-regionspatialthresholdv": 3,
        "param-robbinsmonrodecrement": 6,
        "param-robbinsmonroincrement": 21,
        "param-rsmdiffthreshold": 1.228300048811172,
        "param-rsmrauslodiffthreshold": 0.26648832912881404,
        "param-rsmremovethreshold": 0.4935489490398768,
        "param-scanlineedgetaub": 8,
        "param-scanlineedgetaug": 200,
        "param-scanlineedgetaur": 279,
        "param-scanlinep1": 55,
        "param-scanlinep1onediscon": 326,
        "param-scanlinep1twodiscon": 134,
        "param-scanlinep2": 235,
        "param-scanlinep2onediscon": 506,
        "param-scanlinep2twodiscon": 206,
        "param-secondpeakdelta": 222,
        "param-texturecountthresh": 0,
        "param-texturedifferencethresh": 2466,
        "param-usersm": 1
    },
    "schema version": 1,
    "viewer": {
        "stream-depth-format": "Z16",
        "stream-fps": "60",
        "stream-height": "480",
        "stream-width": "848"
    }
}