{
    "device": {
        "fw version": "05.13.00.50",
        "name": "Intel RealSense D435I",
        "product line": "D400"
    },
    "parameters": {
        "aux-param-autoexposure-setpoint": "1536",
        "aux-param-colorcorrection1": "0.298828",
        "aux-param-colorcorrection10": "-0",
        "aux-param-colorcorrection11": "-0",
        "aux-param-colorcorrection12": "-0",
        "aux-param-colorcorrection2": "0.293945",
        "aux-param-colorcorrection3": "0.293945",
        "aux-param-colorcorrection4": "0.114258",
        "aux-param-colorcorrection5": "-0",
        "aux-param-colorcorrection6": "-0",
        "aux-param-colorcorrection7": "-0",
        "aux-param-colorcorrection8": "-0",
        "aux-param-colorcorrection9": "-0",
        "aux-param-depthclampmax": "65536",
        "aux-param-depthclampmin": "0",
        "aux-param-disparityshift": "0",
        "controls-autoexposure-auto": "True",
        "controls-autoexposure-manual": "8500",
        "controls-color-autoexposure-auto": "True",
        "controls-color-autoexposure-manual": "166",
        "controls-color-backlight-compensation": "0",
        "controls-color-brightness": "0",
        "controls-color-contrast": "50",
        "controls-color-gain": "64",
        "controls-color-gamma": "300",
        "controls-color-hue": "0",
        "controls-color-power-line-frequency": "1",
        "controls-color-saturation": "64",
        "controls-color-sharpness": "50",
        "controls-color-white-balance-auto": "True",
        "controls-color-white-balance-manual": "4600",
        "controls-depth-gain": "16",
        "controls-laserpower": "150",
        "controls-laserstate": "on",
        "ignoreSAD": "0",
        "param-amplitude-factor": "0",
        "param-autoexposure-setpoint": "1536",
        "param-censusenablereg-udiameter": "9",
        "param-censusenablereg-vdiameter": "9",
        "param-censususize": "9",
        "param-censusvsize": "9",
        "param-depthclampmax": "65536",
        "param-depthclampmin": "0",
        "param-depthunits": "1000",
        "param-disableraucolor": "0",
        "param-disablesadcolor": "0",
        "param-disablesadnormalize": "0",
        "param-disablesloleftcolor": "0",
        "param-disableslorightcolor": "1",
        "param-disparitymode": "0",
        "param-disparityshift": "0",
        "param-lambdaad": "935",
        "param-lambdacensus": "26",
        "param-leftrightthreshold": "19",
        "param-maxscorethreshb": "887",
        "param-medianthreshold": "1021",
        "param-minscorethresha": "54",
        "param-neighborthresh": "97",
        "param-raumine": "3",
        "param-rauminn": "1",
        "param-rauminnssum": "6",
        "param-raumins": "3",
        "param-rauminw": "5",
        "param-rauminwesum": "11",
        "param-regioncolorthresholdb": "0.0136986",
        "param-regioncolorthresholdg": "0.707436",
        "param-regioncolorthresholdr": "0.181996",
        "param-regionshrinku": "3",
        "param-regionshrinkv": "1",
        "param-robbinsmonrodecrement": "23",
        "param-robbinsmonroincrement": "3",
        "param-rsmdiffthreshold": "1.8125",
        "param-rsmrauslodiffthreshold": "1",
        "param-rsmremovethreshold": "0.482143",
        "param-scanlineedgetaub": "16",
        "param-scanlineedgetaug": "259",
        "param-scanlineedgetaur": "896",
        "param-scanlinep1": "132",
        "param-scanlinep1onediscon": "77",
        "param-scanlinep1twodiscon": "234",
        "param-scanlinep2": "342",
        "param-scanlinep2onediscon": "390",
        "param-scanlinep2twodiscon": "151",
        "param-secondpeakdelta": "600",
        "param-texturecountthresh": "0",
        "param-texturedifferencethresh": "0",
        "param-usersm": "1",
        "param-zunits": "1000"
    },
    "schema version": 1,
    "viewer": {
        "stream-depth-format": "Z16",
        "stream-fps": "30",
        "stream-height": "480",
        "stream-width": "848"
    }
}