{
    "device": {
        "fw version": "05.13.00.50",
        "name": "Intel RealSense D435I",
        "product line": "D400"
    },
    "parameters": {
        "aux-param-autoexposure-setpoint": "1536",
        "aux-param-colorcorrection1": "0.298828",
        "aux-param-colorcorrection10": "-0",
        "aux-param-colorcorrection11": "-0",
        "aux-param-colorcorrection12": "-0",
        "aux-param-colorcorrection2": "0.293945",
        "aux-param-colorcorrection3": "0.293945",
        "aux-param-colorcorrection4": "0.114258",
        "aux-param-colorcorrection5": "-0",
        "aux-param-colorcorrection6": "-0",
        "aux-param-colorcorrection7": "-0",
        "aux-param-colorcorrection8": "-0",
        "aux-param-colorcorrection9": "-0",
        "aux-param-depthclampmax": "65536",
        "aux-param-depthclampmin": "0",
        "aux-param-disparityshift": "60",
        "controls-autoexposure-auto": "True",
        "controls-autoexposure-manual": "7500",
        "controls-color-autoexposure-auto": "True",
        "controls-color-autoexposure-manual": "166",
        "controls-color-backlight-compensation": "0",
        "controls-color-brightness": "0",
        "controls-color-contrast": "50",
        "controls-color-gain": "64",
        "controls-color-gamma": "300",
        "controls-color-hue": "0",
        "controls-color-power-line-frequency": "3",
        "controls-color-saturation": "64",
        "controls-color-sharpness": "50",
        "controls-color-white-balance-auto": "True",
        "controls-color-white-balance-manual": "4600",
        "controls-depth-gain": "16",
        "controls-laserpower": "360",
        "controls-laserstate": "on",
        "ignoreSAD": "0",
        "param-amplitude-factor": "0.2",
        "param-autoexposure-setpoint": "1536",
        "param-censusenablereg-udiameter": "9",
        "param-censusenablereg-vdiameter": "9",
        "param-censususize": "9",
        "param-censusvsize": "9",
        "param-depthclampmax": "65536",
        "param-depthclampmin": "0",
        "param-depthunits": "100",
        "param-disableraucolor": "0",
        "param-disablesadcolor": "0",
        "param-disablesadnormalize": "0",
        "param-disablesloleftcolor": "0",
        "param-disableslorightcolor": "0",
        "param-disparitymode": "0",
        "param-disparityshift": "60",
        "param-lambdaad": "618",
        "param-lambdacensus": "15",
        "param-leftrightthreshold": "18",
        "param-maxscorethreshb": "1443",
        "param-medianthreshold": "789",
        "param-minscorethresha": "96",
        "param-neighborthresh": "12",
        "param-raumine": "2",
        "param-rauminn": "1",
        "param-rauminnssum": "6",
        "param-raumins": "3",
        "param-rauminw": "3",
        "param-rauminwesum": "7",
        "param-regioncolorthresholdb": "0.110568",
        "param-regioncolorthresholdg": "0.573386",
        "param-regioncolorthresholdr": "0.0176125",
        "param-regionshrinku": "4",
        "param-regionshrinkv": "0",
        "param-robbinsmonrodecrement": "6",
        "param-robbinsmonroincrement": "21",
        "param-rsmdiffthreshold": "1.21875",
        "param-rsmrauslodiffthreshold": "0.28125",
        "param-rsmremovethreshold": "0.494048",
        "param-scanlineedgetaub": "8",
        "param-scanlineedgetaug": "200",
        "param-scanlineedgetaur": "279",
        "param-scanlinep1": "55",
        "param-scanlinep1onediscon": "326",
        "param-scanlinep1twodiscon": "134",
        "param-scanlinep2": "235",
        "param-scanlinep2onediscon": "506",
        "param-scanlinep2twodiscon": "206",
        "param-secondpeakdelta": "222",
        "param-texturecountthresh": "0",
        "param-texturedifferencethresh": "2466",
        "param-usersm": "1",
        "param-zunits": "100"
    },
    "schema version": 1,
    "viewer": {
        "stream-depth-format": "Z16",
        "stream-fps": "30",
        "stream-height": "480",
        "stream-width": "848"
    }
}