{
    "device": {
        "fw version": "05.13.00.50",
        "name": "Intel RealSense D435I",
        "product line": "D400"
    },
    "parameters": {
        "aux-param-autoexposure-setpoint": "1536",
        "aux-param-colorcorrection1": "0.298828",
        "aux-param-colorcorrection10": "-0",
        "aux-param-colorcorrection11": "-0",
        "aux-param-colorcorrection12": "-0",
        "aux-param-colorcorrection2": "0.293945",
        "aux-param-colorcorrection3": "0.293945",
        "aux-param-colorcorrection4": "0.114258",
        "aux-param-colorcorrection5": "-0",
        "aux-param-colorcorrection6": "-0",
        "aux-param-colorcorrection7": "-0",
        "aux-param-colorcorrection8": "-0",
        "aux-param-colorcorrection9": "-0",
        "aux-param-depthclampmax": "65536",
        "aux-param-depthclampmin": "0",
        "aux-param-disparityshift": "0",
        "controls-autoexposure-auto": "True",
        "controls-autoexposure-manual": "8500",
        "controls-color-autoexposure-auto": "True",
        "controls-color-autoexposure-manual": "166",
        "controls-color-backlight-compensation": "0",
        "controls-color-brightness": "0",
        "controls-color-contrast": "50",
        "controls-color-gain": "64",
        "controls-color-gamma": "300",
        "controls-color-hue": "0",
        "controls-color-power-line-frequency": "3",
        "controls-color-saturation": "64",
        "controls-color-sharpness": "50",
        "controls-color-white-balance-auto": "True",
        "controls-color-white-balance-manual": "4600",
        "controls-depth-gain": "16",
        "controls-laserpower": "360",
        "controls-laserstate": "on",
        "ignoreSAD": "0",
        "param-amplitude-factor": "0.18",
        "param-autoexposure-setpoint": "1536",
        "param-censusenablereg-udiameter": "9",
        "param-censusenablereg-vdiameter": "3",
        "param-censususize": "9",
        "param-censusvsize": "3",
        "param-depthclampmax": "65536",
        "param-depthclampmin": "0",
        "param-depthunits": "100",
        "param-disableraucolor": "0",
        "param-disablesadcolor": "0",
        "param-disablesadnormalize": "0",
        "param-disablesloleftcolor": "0",
        "param-disableslorightcolor": "0",
        "param-disparitymode": "0",
        "param-disparityshift": "0",
        "param-lambdaad": "2000",
        "param-lambdacensus": "39",
        "param-leftrightthreshold": "52",
        "param-maxscorethreshb": "2000",
        "param-medianthreshold": "100",
        "param-minscorethresha": "13",
        "param-neighborthresh": "1",
        "param-raumine": "6",
        "param-rauminn": "1",
        "param-rauminnssum": "1",
        "param-raumins": "1",
        "param-rauminw": "4",
        "param-rauminwesum": "8",
        "param-regioncolorthresholdb": "0.0244618",
        "param-regioncolorthresholdg": "0.0596869",
        "param-regioncolorthresholdr": "0.169276",
        "param-regionshrinku": "4",
        "param-regionshrinkv": "1",
        "param-robbinsmonrodecrement": "11",
        "param-robbinsmonroincrement": "1",
        "param-rsmdiffthreshold": "4.71875",
        "param-rsmrauslodiffthreshold": "0",
        "param-rsmremovethreshold": "0.315476",
        "param-scanlineedgetaub": "849",
        "param-scanlineedgetaug": "515",
        "param-scanlineedgetaur": "736",
        "param-scanlinep1": "5",
        "param-scanlinep1onediscon": "341",
        "param-scanlinep1twodiscon": "248",
        "param-scanlinep2": "56",
        "param-scanlinep2onediscon": "28",
        "param-scanlinep2twodiscon": "415",
        "param-secondpeakdelta": "26",
        "param-texturecountthresh": "0",
        "param-texturedifferencethresh": "500",
        "param-usersm": "1",
        "param-zunits": "100"
    },
    "schema version": 1,
    "viewer": {
        "stream-depth-format": "Z16",
        "stream-fps": "30",
        "stream-height": "480",
        "stream-width": "848"
    }
}